ID,predict_prob
8800,0.4766274910579741
8801,0.05438436544877079
8802,0.5871318379498971
8803,0.010296507196621896
8804,0.4564782224345558
8805,0.43994250976129445
8806,0.4150627425782164
8807,0.007525824801848158
8808,0.4240048606538519
8809,0.4615865804286202
8810,0.6375951874482794
8811,0.00650608207947545
8812,0.19417429791040253
8813,0.630052324686436
8814,0.4894805898909159
8815,0.6494975890720527
8816,0.018285607158006312
8817,0.06718387009123328
8818,0.5000104231968494
8819,0.5467564999391017
8820,0.11990185164978828
8821,0.0314660456198651
8822,0.06966031198637024
8823,0.012872301664855201
8824,0.43151438758850347
8825,0.5077316619451175
8826,0.2959139884739861
8827,0.226189319338854
8828,0.492904796886416
8829,0.6586854489069642
8830,0.5197533807687248
8831,0.006395725611424541
8832,0.3899899969414512
8833,0.4656276665740364
8834,0.6080508889398245
8835,0.6012648616566796
8836,0.13706208549465382
8837,0.3318490837123933
8838,0.626769343784407
8839,0.4580295752298602
8840,0.07647492748842477
8841,0.6562485855041302
8842,0.005040354332120134
8843,0.003246762085942545
8844,0.5238091728781666
8845,0.3919351133081539
8846,0.5228983531899953
8847,0.0027437189044530186
8848,0.4858616114804918
8849,0.3633222951892088
8850,0.0028214226300478096
8851,0.5184834194923307
8852,0.00978012648676918
8853,0.3160489720440759
8854,0.003375876113694609
8855,0.4940344276974936
8856,0.5045293660904424
8857,0.5608141193016559
8858,0.6245032414194694
8859,0.5675156034765747
8860,0.5161784335521609
8861,0.00979844784863082
8862,0.6716147087233615
8863,0.3863530098353303
8864,0.6059263494794627
8865,0.46261250036365464
8866,0.6191398657454679
8867,0.38910960504755665
8868,0.4598801537700673
8869,0.5345994245461749
8870,0.4709538692951728
8871,0.4056126823521746
8872,0.42223850848162403
8873,0.6155270000856594
8874,0.6365904167664906
8875,0.404350564508023
8876,0.6144276989356663
8877,0.5034217851116887
8878,0.7446390066806939
8879,0.034994042595380415
8880,0.31620153540981744
8881,0.7092063478427224
8882,0.6399271269780384
8883,0.5481484993347503
8884,0.534184206735864
8885,0.6557299215320951
8886,0.4865983978485985
8887,0.4516540817421135
8888,0.09116989964010569
8889,0.013240497290003317
8890,0.35061688810304026
8891,0.5829839038668021
8892,0.6122656573621592
8893,0.05981149987256784
8894,0.48581785451807347
8895,0.5317740595465589
8896,0.4429845320834147
8897,0.47756968548292833
8898,0.6661494707708596
8899,0.6551092580436371
8900,0.470625620100789
8901,0.4848756407370416
8902,0.37352116333762553
8903,0.40942281118627233
8904,0.6409439177473435
8905,0.36089480009318886
8906,0.439979084240939
8907,0.0012083133924487566
8908,0.3848313197694886
8909,0.05493344726807803
8910,0.44852025997910516
8911,0.5271705861871049
8912,0.47934297839435935
8913,0.22255903649360798
8914,0.025549449086037734
8915,0.004536515756721871
8916,0.4866749684602387
8917,0.6513957007297451
8918,0.6375203298713006
8919,0.38940481601444443
8920,0.06439630741132285
8921,0.4276019382526315
8922,0.42203730203565004
8923,0.521422308072585
8924,0.03703742338243987
8925,0.004194171757465837
8926,0.21264044702564822
8927,0.6089383675513116
8928,0.004677266460284102
8929,0.37776809455289506
8930,0.5028047599541217
8931,0.4134193400989151
8932,0.5420405861435902
8933,0.6497285110713759
8934,0.5905861224420902
8935,0.6912924939126136
8936,0.4350738936307398
8937,0.5067466394905789
8938,0.35730584403687715
8939,0.5676614543528364
8940,0.11758987952768063
8941,0.6576408894194123
8942,0.5079189210008216
8943,0.47170254086669217
8944,0.5517201582641438
8945,0.675804937117692
8946,0.4955202417953972
8947,0.4597676729343614
8948,0.0015580326517550258
8949,0.5910341501670782
8950,0.6188724044680237
8951,0.0018325952261110112
8952,0.5103547312119889
8953,0.6027393645114972
8954,0.7085557269235692
8955,0.034949630948234556
8956,0.17169520067643185
8957,0.05160296006098708
8958,0.0024776699722269813
8959,0.618439021933485
8960,0.4607911269299466
8961,0.5806853656935793
8962,0.5422475794537032
8963,0.5954971893891414
8964,0.613411957780093
8965,0.653078119042535
8966,0.09004298617244089
8967,0.6552931504046806
8968,0.45851381989224416
8969,0.5732906812098097
8970,0.48549503463616117
8971,0.49040974279344485
8972,0.0028789649621826507
8973,0.7054077425237982
8974,0.3696122836276923
8975,0.04772757976672182
8976,0.6228156527657196
8977,0.47995097660540076
8978,0.5936109131439232
8979,0.054850127823097394
8980,0.5772143573944015
8981,0.007857624995301737
8982,0.5905475060981755
8983,0.5679987656098258
8984,0.535523812458687
8985,0.4221757326938621
8986,0.3773338826262851
8987,0.5833720600217343
8988,0.7298131339657887
8989,0.3932439143124803
8990,0.4976968180173854
8991,0.6265037055964022
8992,0.17341591475716345
8993,0.3913877786118318
8994,0.6397547312030953
8995,0.6266416012522481
8996,0.42829647647936797
8997,0.44028579589822725
8998,0.6888578729394957
8999,0.002315778517879008
9000,0.41112381958126054
9001,0.5699009288467307
9002,0.47519873456716855
9003,0.5855717744155406
9004,0.6492045409058637
9005,0.43128998404613395
9006,0.6382437639275693
9007,0.43901145761853644
9008,0.21439586274348166
9009,0.5979590103591759
9010,0.35350703705467124
9011,0.4510098681239415
9012,0.005905676461263498
9013,0.4948261773397379
9014,0.5434410994756523
9015,0.20701727969383443
9016,0.6964809698821367
9017,0.39768265374678813
9018,0.4330517764264846
9019,0.6589868068345381
9020,0.00952408787368364
9021,0.6814680435697875
9022,0.10848762038664783
9023,0.6315378922870563
9024,0.5960538369573921
9025,0.4314865625672195
9026,0.5909490020989857
9027,0.13205585000645548
9028,0.34790236982763434
9029,0.6810093313205032
9030,0.624713204975851
9031,0.44972131094128465
9032,0.008962447171983468
9033,0.6441630179964546
9034,0.19610780252501026
9035,0.09361694915982577
9036,0.6282854632942756
9037,0.4732435857297518
9038,0.5571828259021723
9039,0.5170052440028593
9040,0.134964369473221
9041,0.44093031568778074
9042,0.44691588783270886
9043,0.5441080920748361
9044,0.5957522624747722
9045,0.020255157817135605
9046,0.27184710188010763
9047,0.39507942828335907
9048,0.0023231962764177494
9049,0.004155251810555205
9050,0.07067473839522487
9051,0.6796511520609343
9052,0.6541469070300487
9053,0.48336563598647786
9054,0.39833294964775223
9055,0.5659955877584109
9056,0.6227650157815148
9057,0.6348382251212131
9058,0.5909590099975681
9059,0.22804841764099992
9060,0.25878146254349355
9061,0.5097063338323116
9062,0.5246520273529724
9063,0.5374538990442852
9064,0.45911078509428127
9065,0.3289607853576577
9066,0.42879060729138896
9067,0.4707407725927065
9068,0.0020229794632479203
9069,0.5308483576087331
9070,0.607035740627048
9071,0.43835456607670875
9072,0.498120312808793
9073,0.5023661943861354
9074,0.3787514227573554
9075,0.2397845030729252
9076,0.48654202553079584
9077,0.003694642370959622
9078,0.649526787990675
9079,0.659226135350947
9080,0.6125406822334983
9081,0.40811793874457036
9082,0.39805500795907867
9083,0.33380432145990335
9084,0.6187170568796472
9085,0.001565949929167365
9086,0.05385678687973117
9087,0.5475596351962424
9088,0.3977699708264991
9089,0.34595151931868406
9090,0.5515016356489955
9091,0.3127667214148262
9092,0.024267625291774952
9093,0.6097826003786
9094,0.5463475330710419
9095,0.4083246515037453
9096,0.4497901737490858
9097,0.5148840562751984
9098,0.0065267671516439085
9099,0.0012239319658639003
9100,0.7268141961090538
9101,0.37766218439197263
9102,0.6177477305241299
9103,0.023476713166288743
9104,0.13220587789800398
9105,0.5008629544196059
9106,0.7307922108660315
9107,0.11957962246889808
9108,0.5020469229995771
9109,0.501777357158627
9110,0.5070475929384767
9111,0.511039272065047
9112,0.6107475704123828
9113,0.007966565164228445
9114,0.49024378304241545
9115,0.4688936947889326
9116,0.00488169658702986
9117,0.01169505797497472
9118,0.009791445807311505
9119,0.0031975244787807444
9120,0.40619477565310025
9121,0.56855426690764
9122,0.4744110261349349
9123,0.5634716085250661
9124,0.29024135414881913
9125,0.5255263395431886
9126,0.5565272499341812
9127,0.6069717737151754
9128,0.6079370512867133
9129,0.40931960129254863
9130,0.05683809826994146
9131,0.4599952714227038
9132,0.43240322432200096
9133,0.44626295143668504
9134,0.6911984765039887
9135,0.554736257552247
9136,0.005328899038482771
9137,0.7070565578023016
9138,0.49822003861135755
9139,0.5446879982849946
9140,0.3462097082112465
9141,0.6318639638750139
9142,0.37661059227247307
9143,0.11768525807211394
9144,0.6927635167768383
9145,0.5195715886607583
9146,0.405760239613535
9147,0.5086546958348606
9148,0.1986434043191121
9149,0.01663902017508745
9150,0.5554031547314962
9151,0.09694866170257099
9152,0.42213746410642616
9153,0.1824146685824255
9154,0.6071525421771597
9155,0.7605005459672325
9156,0.37431056969454146
9157,0.5952375275504811
9158,0.5750323822790678
9159,0.5304323060863204
9160,0.6530486773743022
9161,0.4883035721983917
9162,0.48879703204136793
9163,0.21535662734187488
9164,0.3535113884575001
9165,0.6083405655539424
9166,0.4095029613679281
9167,0.5715848451737575
9168,0.003715690604620958
9169,0.5464737050591947
9170,0.6657874852658233
9171,0.7015247580645134
9172,0.5780529280811231
9173,0.38151096161276443
9174,0.5192363460539249
9175,0.44926608548137514
9176,0.45762441603793724
9177,0.5636754584332485
9178,0.523709719325288
9179,0.6516367656141759
9180,0.5622630317210043
9181,0.029292139249606608
9182,0.4764290035561315
9183,0.5984172566142363
9184,0.08848136699857267
9185,0.5620441040470792
9186,0.3702057186392682
9187,0.5302429022253423
9188,0.6143614503727922
9189,0.5272125264301041
9190,0.5210674953047478
9191,0.07359957882366552
9192,0.6070899334009148
9193,0.01930929049149588
9194,0.45720099170537953
9195,0.5907307960259836
9196,0.5127895932918536
9197,0.5766130587465901
9198,0.5850415372570947
9199,0.3873611638729928
9200,0.5380903344811926
9201,0.7009942080937994
9202,0.028290661775363213
9203,0.5740476037569726
9204,0.0018832001617805627
9205,0.5335255480974144
9206,0.6983813469019421
9207,0.03673026783883426
9208,0.27628796463568606
9209,0.5670306200271658
9210,0.009606282856681192
9211,0.6160356126105915
9212,0.6324865835963446
9213,0.39935518647825363
9214,0.3510118085429993
9215,0.7405618772772183
9216,0.5717378139445934
9217,0.40641803932101406
9218,0.4959275417802642
9219,0.0030569573109778814
9220,0.3341382154657563
9221,0.48496768179616423
9222,0.6442819974524949
9223,0.5396909734862894
9224,0.40331876690846025
9225,0.003061884396289294
9226,0.4629388925737471
9227,0.46918081428088665
9228,0.5745978084122634
9229,0.44620843149645695
9230,0.5239917516991185
9231,0.5916676414729092
9232,0.6600568809910505
9233,0.014714409938685336
9234,0.008518282872933436
9235,0.6062941321518462
9236,0.5319980140318397
9237,0.5682879713790154
9238,0.44808285219286315
9239,0.4150533520765337
9240,0.43949962430565215
9241,0.20696087267521301
9242,0.6573647849705909
9243,0.6198815931022656
9244,0.4182729781877371
9245,0.01290019457164815
9246,0.5084161407779214
9247,0.5811733617642352
9248,0.6359985613504835
9249,0.5095362303799537
9250,0.3395780777552988
9251,0.5161740855611822
9252,0.5581662364978077
9253,0.3892401252167823
9254,0.4658128870749749
9255,0.044050304074329194
9256,0.48789905969898995
9257,0.4665672609572973
9258,0.12969206556050317
9259,0.6775509815020151
9260,0.5600456220790584
9261,0.597131002987423
9262,0.5867283108201983
9263,0.7107788602961955
9264,0.6809614722686206
9265,0.4168465768858167
9266,0.5137114258743327
9267,0.502729172919421
9268,0.4662105448702417
9269,0.5818460966004962
9270,0.4074228687410065
9271,0.5622720494133382
9272,0.4506402945468839
9273,0.6740043140717483
9274,0.013515545973496801
9275,0.7108333469779091
9276,0.6263382413217649
9277,0.5626628705243668
9278,0.10377693190734849
9279,0.616069361836552
9280,0.4945310779577571
9281,0.6874336429304739
9282,0.5178788240588638
9283,0.6413476331755066
9284,0.5260002409710489
9285,0.4732095907037386
9286,0.603858154546906
9287,0.5215272265640218
9288,0.6168935736093917
9289,0.003980643215666602
9290,0.5830828509389038
9291,0.43934149925847965
9292,0.38698693261566275
9293,0.5375274779847199
9294,0.657001134606995
9295,0.6668248436993613
9296,0.6771385117309221
9297,0.6249661245983499
9298,0.5914915019676972
9299,0.0038159227102408932
9300,0.527972281441084
9301,0.6082031231326848
9302,0.0599120490619659
9303,0.6280085061663259
9304,0.3934415070272702
9305,0.4312073489832009
9306,0.5948847183198036
9307,0.3843628281195548
9308,0.6097885232772458
9309,0.6677359120832728
9310,0.5560145737708323
9311,0.4092485049425455
9312,0.024117114806307183
9313,0.520282091042733
9314,0.026959885655244653
9315,0.6430324899790776
9316,0.002474533700398518
9317,0.612068676988943
9318,0.646992233801873
9319,0.39937166856732775
9320,0.002479777342575873
9321,0.4087185690267173
9322,0.5452904447306897
9323,0.5313179506598376
9324,0.001138977903385685
9325,0.5746650764894032
9326,0.5391308936080466
9327,0.54272836737448
9328,0.4589308182000964
9329,0.04217375595563788
9330,0.747737426974737
9331,0.5945346441358229
9332,0.4388639324196446
9333,0.6567008259730551
9334,0.47455683314474817
9335,0.5008122384484679
9336,0.500331501832235
9337,0.008456673197832165
9338,0.00426490388277867
9339,0.5577969433670205
9340,0.6156495256182564
9341,0.43328585253253693
9342,0.003246986449641498
9343,0.4615760265248363
9344,0.0012642493939531985
9345,0.40686935484333686
9346,0.3282080263721745
9347,0.6307349903602444
9348,0.5134798574941757
9349,0.04420188192277019
9350,0.629261394356628
9351,0.5943779480934568
9352,0.5594960795896466
9353,0.5650849189649726
9354,0.0038077896125745525
9355,0.45896175790417215
9356,0.620183544511651
9357,0.012526987634059461
9358,0.46314118089503087
9359,0.0054454608530170034
9360,0.3208174661289537
9361,0.05323080177051176
9362,0.3705523519742284
9363,0.6155575245446743
9364,0.48415056647481536
9365,0.605247103135749
9366,0.040439599840701446
9367,0.5886121448738011
9368,0.5200960435543633
9369,0.0026273347947661785
9370,0.5843172501882374
9371,0.005747092498039286
9372,0.5967145919350716
9373,0.45827200969031334
9374,0.6058051404505951
9375,0.0022725171205656425
9376,0.011133127570383317
9377,0.5195123776268367
9378,0.471217022859866
9379,0.5662204438841991
9380,0.6311547923047554
9381,0.46667494468554316
9382,0.40691041445250387
9383,0.5185782201444478
9384,0.7257209491964702
9385,0.4345806529626124
9386,0.46093433982264775
9387,0.4142263689183633
9388,0.3912138734027444
9389,0.43173491911232154
9390,0.3573206686614039
9391,0.5375668154646576
9392,0.7122387328972188
9393,0.36308672853747637
9394,0.5952450261409183
9395,0.5849968908032185
9396,0.7486109739840373
9397,0.6380138249243309
9398,0.6296326129586409
9399,0.2062811168172105
9400,0.34141472995400146
9401,0.6520514239756574
9402,0.08278322364265156
9403,0.5381687570092798
9404,0.48526734552215156
9405,0.5260303720374963
9406,0.09034116896877609
9407,0.5767010361829427
9408,0.38720237972598337
9409,0.3296694954488065
9410,0.5194018459218708
9411,0.5357253198104235
9412,0.4941886602383766
9413,0.16144771180050033
9414,0.009442963707778973
9415,0.5068807984417896
9416,0.5650872808847657
9417,0.5078122574961876
9418,0.546636547017439
9419,0.6333893679099356
9420,0.0018531027277878254
9421,0.3306456277113822
9422,0.6792241081354335
9423,0.00606359531289391
9424,0.511171140723117
9425,0.6742890572995521
9426,0.4564793300057488
9427,0.5696877221346093
9428,0.22636209211843528
9429,0.6205994921363378
9430,0.6555530629821473
9431,0.400396092371624
9432,0.5951705756237402
9433,0.42168911625736694
9434,0.0011739225395531738
9435,0.504605492482263
9436,0.5912119280782407
9437,0.6102240855314048
9438,0.09581597265963593
9439,0.513467836429737
9440,0.6175847656856994
9441,0.5163733153530302
9442,0.41990142209188586
9443,0.01783171917973292
9444,0.6335475111545046
9445,0.5264340815136749
9446,0.5034912843467347
9447,0.5253701892793633
9448,0.5080683769367812
9449,0.6202194895656872
9450,0.37291325290073185
9451,0.027824402377827795
9452,0.5583143126634391
9453,0.47464713889022647
9454,0.4039791076131729
9455,0.6364112507085428
9456,0.6367982203904071
9457,0.6172888574064783
9458,0.5055795816827404
9459,0.4638843801860101
9460,0.6305065948078177
9461,0.5178116454175146
9462,0.7609349688284484
9463,0.43694677367837664
9464,0.5833376869745138
9465,0.5218724533037749
9466,0.36606057773192957
9467,0.01870470524654344
9468,0.026718828511541504
9469,0.44450494128123075
9470,0.5639414015865025
9471,0.835445014425191
9472,0.008334994965280007
9473,0.018301216643289875
9474,0.4628115839945095
9475,0.5906795275662882
9476,0.5602905364427735
9477,0.005516090542473817
9478,0.5633323354176765
9479,0.7191804855233611
9480,0.45028201951375435
9481,0.0018689421093660563
9482,0.5735562735120932
9483,0.5912121762127045
9484,0.5517106608357576
9485,0.44148137385436115
9486,0.09661499610463387
9487,0.4086184238065834
9488,0.5991766454626513
9489,0.5153923051165225
9490,0.00850690603636084
9491,0.4610248720076481
9492,0.6560021425787324
9493,0.4196137347600818
9494,0.6491560877863345
9495,0.5905208875853473
9496,0.643939738617911
9497,0.15428124567525014
9498,0.54777765781172
9499,0.6956976344859194
9500,0.445524815430689
9501,0.5660734991623685
9502,0.5294819915875779
9503,0.6073786092269096
9504,0.59250420398069
9505,0.4638783622367577
9506,0.06701833053542805
9507,0.3318365421978804
9508,0.4340649812690378
9509,0.7170672732796028
9510,0.6289051869659139
9511,0.006555406150007714
9512,0.6268663920690699
9513,0.573953263175855
9514,0.5802872971373374
9515,0.5343303120865783
9516,0.5986135170494208
9517,0.519236960197746
9518,0.43724443469139873
9519,0.43194483577418474
9520,0.6306421567990284
9521,0.4686977916924766
9522,0.2710315993187409
9523,0.3640675392890568
9524,0.5779360538270202
9525,0.5570396624823408
9526,0.37408162555513513
9527,0.6104204375278401
9528,0.10587729238999488
9529,0.4226493665352118
9530,0.6529560512216259
9531,0.4585984038837728
9532,0.470592314106102
9533,0.001378620093153038
9534,0.43943214901820593
9535,0.35571055980489574
9536,0.4639998968051685
9537,0.5613347929961976
9538,0.3935196167962186
9539,0.40648948455493794
9540,0.33896978495934316
9541,0.6167406839063108
9542,0.5545766449776851
9543,0.5159524214371551
9544,0.5665691779993427
9545,0.31183356155250475
9546,0.012429989302781275
9547,0.056743753808377706
9548,0.001307489584097432
9549,0.0014108526717679926
9550,0.003228630359271345
9551,0.018225176543561705
9552,0.012689144134214847
9553,0.44427314696649145
9554,0.54253326129784
9555,0.5994695289105667
9556,0.5664672134522408
9557,0.40630398616637853
9558,0.22847010458192407
9559,0.00676869110694911
9560,0.5502748875123729
9561,0.3193513615421434
9562,0.0044294416471241105
9563,0.00461605081531502
9564,0.6186022707476204
9565,0.5232215960232955
9566,0.5916262577999944
9567,0.010144927202796139
9568,0.4630412148979123
9569,0.2166127683469563
9570,0.45949038084148663
9571,0.5997287169882607
9572,0.008575107978778362
9573,0.5031813435960223
9574,0.6103937181605636
9575,0.3740373091267013
9576,0.6699065083032192
9577,0.44683524319558654
9578,0.7236026289554032
9579,0.4951687897482384
9580,0.4523780098820728
9581,0.12212741778378444
9582,0.41593961680204017
9583,0.591393854217747
9584,0.32709551173346485
9585,0.7457891511068592
9586,0.5488633499923105
9587,0.49691756980324286
9588,0.652833170406814
9589,0.48297716293887794
9590,0.0037401509686207923
9591,0.5422649569723437
9592,0.2516703807663847
9593,0.5960790564390501
9594,0.45570706248539605
9595,0.11428170192372089
9596,0.06019904794718056
9597,0.1550739372331137
9598,0.35427986011906154
9599,0.02699156461611496
9600,0.43129966635368366
9601,0.5165506527239965
9602,0.5874121177523137
9603,0.7468851679554788
9604,0.4624197130749724
9605,0.5770442986080047
9606,0.44328965503773077
9607,0.6605867060446087
9608,0.03769511464931319
9609,0.013074455538669372
9610,0.5368715200771736
9611,0.49848899167777716
9612,0.5737680574889219
9613,0.543438634418189
9614,0.4691884760163093
9615,0.53450870865374
9616,0.4822703932967505
9617,0.043688383561416466
9618,0.09306194070436202
9619,0.039900170036468174
9620,0.004720615817140894
9621,0.03998782703219639
9622,0.3507948163653113
9623,0.5997450741869439
9624,0.1984083966748459
9625,0.040370167560850545
9626,0.3960171116008312
9627,0.4583529767763572
9628,0.7393717181683376
9629,0.501745977338966
9630,0.4642220589665029
9631,0.26318411443800693
9632,0.0024444693264426
9633,0.5173057764482558
9634,0.6271914933352503
9635,0.2837012816969877
9636,0.09476480653464914
9637,0.4087156621165028
9638,0.2154176388627871
9639,0.3668517759932688
9640,0.4168901761892674
9641,0.39025847951042114
9642,0.6663665627654113
9643,0.4804066307174659
9644,0.0028091911564586125
9645,0.06596910544998624
9646,0.3159397658693597
9647,0.02628725790524178
9648,0.4554734962528417
9649,0.030078342764319754
9650,0.21005007628853878
9651,0.6193052137671184
9652,0.049292914535253196
9653,0.0032370435091687577
9654,0.03683284135694209
9655,0.4466553353737903
9656,0.49654546800855937
9657,0.003469287939288912
9658,0.006880820284332234
9659,0.26458282556726864
9660,0.4682279980781885
9661,0.3561806660114365
9662,0.6669684858890645
9663,0.2570237508534169
9664,0.7213338943576152
9665,0.12543547922476728
9666,0.6326373363657913
9667,0.6888469742016252
9668,0.011165416234398373
9669,0.5804120818022757
9670,0.5657020894989218
9671,0.49252351302855635
9672,0.37216717145405254
9673,0.6662757102944368
9674,0.012828284072146645
9675,0.008491968845625752
9676,0.09801975679932318
9677,0.41897387323071555
9678,0.5553952283324893
9679,0.5146790895072253
9680,0.30037232090809507
9681,0.5339035082934154
9682,0.5452032048935849
9683,0.587898737221876
9684,0.3863415644359566
9685,0.375078235120169
9686,0.0022342171250591125
9687,0.6877440432934041
9688,0.3248052571421738
9689,0.4247582536088199
9690,0.4633284240986786
9691,0.42403223209152896
9692,0.6325321997166989
9693,0.5614722919494316
9694,0.37286581240773653
9695,0.49099080035310516
9696,0.339889040013568
9697,0.007183772303165803
9698,0.4986225216729633
9699,0.03450255320588602
9700,0.6657889859668422
9701,0.0029640416527643154
9702,0.5385320250103036
9703,0.03114877133845184
9704,0.48308792415290425
9705,0.03208759167879849
9706,0.7120284891546076
9707,0.5815921022420623
9708,0.018576448491719577
9709,0.6596864803200257
9710,0.6758701492224728
9711,0.4003720486760374
9712,0.6571599068849079
9713,0.4466816701733817
9714,0.7216251762694439
9715,0.048306395081003206
9716,0.620966292370642
9717,0.47889956314119664
9718,0.47244573855133765
9719,0.4917973674805003
9720,0.5746927543446567
9721,0.579536695699018
9722,0.21939103092064416
9723,0.36878397203335167
9724,0.7110352478115533
9725,0.44724996901082825
9726,0.014447947585411791
9727,0.4006130841876179
9728,0.549361553488986
9729,0.5030093445610648
9730,0.5430011022070271
9731,0.3681928141680072
9732,0.47421802520283907
9733,0.45759623895012724
9734,0.4753185757601004
9735,0.6664458131329072
9736,0.5527383602578209
9737,0.51547474731619
9738,0.7296635819484714
9739,0.48274187365137566
9740,0.38239736466450425
9741,0.739402774596634
9742,0.6288019946561616
9743,0.3385190215749525
9744,0.37413111847770675
9745,0.15698977429024075
9746,0.03807716407130668
9747,0.43076482293258456
9748,0.5188687141714013
9749,0.09536198114001215
9750,0.4933254813176151
9751,0.6691391549323795
9752,0.05273793599984977
9753,0.22698746517442026
9754,0.30510416319455524
9755,0.5366949459337139
9756,0.6598980775143234
9757,0.6133129407350826
9758,0.601647565252482
9759,0.35408429876704617
9760,0.6301151312517118
9761,0.31866804330732934
9762,0.4934141250731511
9763,0.6956275673664127
9764,0.33081590771378955
9765,0.09267958812480193
9766,0.4146942083659556
9767,0.4513786043930691
9768,0.3641373880391441
9769,0.48040393501787493
9770,0.5421466770421761
9771,0.511087934788159
9772,0.623101035067652
9773,0.6275308943228541
9774,0.5577159206484092
9775,0.5358222051283084
9776,0.4667360247937812
9777,0.44363769413117804
9778,0.4930959987685042
9779,0.6347134579525996
9780,0.06730154963326673
9781,0.45919068596005275
9782,0.5290633070226853
9783,0.5963877467544363
9784,0.0033006929068375435
9785,0.4436250721177095
9786,0.17017322554669945
9787,0.603024425856955
9788,0.0012096512630478395
9789,0.686361192471447
9790,0.0950987115147045
9791,0.41561810182012593
9792,0.450595987239116
9793,0.4013419205147578
9794,0.4755310534352847
9795,0.6147905490398364
9796,0.5280271111319064
9797,0.6210046735361495
9798,0.5569935727893927
9799,0.4914899645935774
9800,0.4940112725926299
9801,0.5320571814585866
9802,0.46348895354158537
9803,0.5080078691385445
9804,0.6961187845182716
9805,0.6254100336315744
9806,0.49970814622051873
9807,0.43178200671835165
9808,0.42920047751594226
9809,0.006794149628425505
9810,0.5460295311823948
9811,0.542750814742742
9812,0.4100726219930294
9813,0.6133351810862486
9814,0.3968330942782009
9815,0.51943950096215
9816,0.4085692812018499
9817,0.46590440354057017
9818,0.4631793599886572
9819,0.5650460411839425
9820,0.6137527474315503
9821,0.12559791021282396
9822,0.3524598315108918
9823,0.5320954534846769
9824,0.035831555174232865
9825,0.5039432054920963
9826,0.2734262062083733
9827,0.0026788454763508884
9828,0.4775217165261021
9829,0.40192688197407667
9830,0.0028676119276339618
9831,0.4747498122325552
9832,0.517163938290562
9833,0.03836769009824004
9834,0.07858975672702206
9835,0.4759059547095664
9836,0.4880187686483396
9837,0.5751131333348556
9838,0.35196031420267027
9839,0.5343907021711278
9840,0.17051517081809686
9841,0.5324383441947711
9842,0.5522047025783894
9843,0.5681638499967804
9844,0.47207969571819175
9845,0.4511568199232511
9846,0.6797314401964023
9847,0.5184422585903605
9848,0.41185099632559174
9849,0.15236817026037486
9850,0.43225811067818465
9851,0.6271610237907763
9852,0.6726325731959244
9853,0.0031314549078732545
9854,0.37982483782034093
9855,0.004454709255254374
9856,0.5046441412811061
9857,0.5968768828127977
9858,0.3301595563793275
9859,0.2117748144277689
9860,0.006045220222193448
9861,0.6699287670234477
9862,0.6045846887741568
9863,0.6110099299953502
9864,0.6239308637297998
9865,0.5280600779925124
9866,0.49615460095942765
9867,0.6203685531013398
9868,0.001548679452317847
9869,0.5281619583194606
9870,0.5810567057727254
9871,0.0035070335678863973
9872,0.6266942706006072
9873,0.4879376024895058
9874,0.56942554279917
9875,0.6264115968223924
9876,0.1980408420650005
9877,0.44841184035683224
9878,0.5037723028497394
9879,0.46888291201338583
9880,0.1653343448565322
9881,0.10271287239770044
9882,0.06758298063464685
9883,0.4662753215163362
9884,0.07652224913337158
9885,0.4388492822993906
9886,0.38754231302491926
9887,0.6375393891253369
9888,0.0016312835763039324
9889,0.5310408889342582
9890,0.6564674098377075
9891,0.46698238218392996
9892,0.42924953464950266
9893,0.4570089508111166
9894,0.42119993727212224
9895,0.42260200796492065
9896,0.051698240407651364
9897,0.006989371072843031
9898,0.2510397096631658
9899,0.03392617596296199
9900,0.6013417696879175
9901,0.5706572357067636
9902,0.012135535625833138
9903,0.6216918401224302
9904,0.5942822406994024
9905,0.3548048098699004
9906,0.4849823769047429
9907,0.5697971449511805
9908,0.031549828666105006
9909,0.5496809631707875
9910,0.5123863584129711
9911,0.48485843496731285
9912,0.5515976827811229
9913,0.3502876576020909
9914,0.5765949478418659
9915,0.5603576905473149
9916,0.5263483957753676
9917,0.4513120023528798
9918,0.59339825192619
9919,0.5942125883036686
9920,0.4897551737543788
9921,0.4837552133410905
9922,0.06106327567733161
9923,0.5112938056019221
9924,0.5771112231581222
9925,0.0027861745251455128
9926,0.5899514563478334
9927,0.4967654937705107
9928,0.5729731157699249
9929,0.5084292724897285
9930,0.4849185868905116
9931,0.6646675179611848
9932,0.5987895857557362
9933,0.001693627524403607
9934,0.5293000889985373
9935,0.5587076138753809
9936,0.4705261298846013
9937,0.37149055551309074
9938,0.3828323765766173
9939,0.390208504997545
9940,0.5068908393601135
9941,0.6232165193988801
9942,0.5030580924914976
9943,0.5575494239227087
9944,0.562292116565316
9945,0.1766410282265094
9946,0.3731210773280661
9947,0.5956356570385174
9948,0.00683039118686668
9949,0.6674286200348134
9950,0.46447391655603787
9951,0.7048188968775809
9952,0.5207982082076427
9953,0.5121222283973739
9954,0.12413574277738526
9955,0.026100148471601137
9956,0.5802342664326492
9957,0.3301716915798868
9958,0.437699922576513
9959,0.5659060144896992
9960,0.5616143573855055
9961,0.4671165672534353
9962,0.42227208260238824
9963,0.44327621907762227
9964,0.16759845936871154
9965,0.5524795157704009
9966,0.45723264538819786
9967,0.61093475017113
9968,0.49919110157461133
9969,0.20625374357974302
9970,0.5205104583937965
9971,0.5263990900815894
9972,0.3913677058219438
9973,0.012684556270496583
9974,0.7275632615136294
9975,0.4585176162896958
9976,0.5162988797244347
9977,0.6864954049433245
9978,0.5397907596895958
9979,0.11011598130942091
9980,0.421714538693193
9981,0.5640029044846177
9982,0.013872402342142931
9983,0.517382162574217
9984,0.009046554107326688
9985,0.0015909549200231465
9986,0.5693667430853928
9987,0.4149551479621555
9988,0.8125759318379188
9989,0.6833736494794175
9990,0.4710889564215013
9991,0.4968301012554067
9992,0.4309266882441811
9993,0.34047937410535534
9994,0.6704402034869039
9995,0.5947347334349911
9996,0.5293323600831419
9997,0.5285515956737359
9998,0.541403081311213
9999,0.4106727685832806
10000,0.3758749685148284
10001,0.13229249729829273
10002,0.6378988885802164
10003,0.6042634047185078
10004,0.573578955296868
10005,0.09073611120127567
10006,0.4647693818530966
10007,0.3266315785201097
10008,0.6195859651385721
10009,0.5758731500229433
10010,0.4422266617433275
10011,0.3088961668523673
10012,0.6521712629613874
10013,0.6381159509861973
10014,0.011651160107909897
10015,0.013527595713347051
10016,0.6079658800526999
10017,0.4017705264716228
10018,0.07669643080695632
10019,0.4897448842999008
10020,0.5753767036208869
10021,0.5200972038724864
10022,0.6416950972924003
10023,0.5900883239977436
10024,0.5772169327471852
10025,0.6079797564633755
10026,0.47944988387793086
10027,0.31625218153217227
10028,0.5716313351464215
10029,0.40975802951632734
10030,0.29588615872148505
10031,0.031770532094304804
10032,0.5136140262660178
10033,0.015689645325491774
10034,0.30505057069911057
10035,0.5721970712648348
10036,0.33584077383175404
10037,0.19816250347905817
10038,0.4728397716760373
10039,0.007202498124732504
10040,0.6035874133061867
10041,0.004553021356793696
10042,0.5580710836945871
10043,0.5507577744479619
10044,0.0023911635690164745
10045,0.42158717072837226
10046,0.6116415177375464
10047,0.5671120453020594
10048,0.22781552615385858
10049,0.6886274027013286
10050,0.005975923563171559
10051,0.017029133793529883
10052,0.5587844623541804
10053,0.08685656834766908
10054,0.4993052263603813
10055,0.5588313106374159
10056,0.41614603464084055
10057,0.7755649001081872
10058,0.5021851006627679
10059,0.5505680554004954
10060,0.5100471792889785
10061,0.5521630937943465
10062,0.5252770503164563
10063,0.336717263458012
10064,0.7124037950224089
10065,0.4294719187273244
10066,0.54445367225185
10067,0.49491691438986285
10068,0.7094974658270916
10069,0.4818197869294474
10070,0.4347490185849433
10071,0.7105202036271004
10072,0.4415685529332407
10073,0.5920293308952429
10074,0.5476411168408222
10075,0.7314513873844627
10076,0.4469405814562075
10077,0.3688740421242107
10078,0.3347783387208556
10079,0.5259474564762505
10080,0.438750617595144
10081,0.41791243531249767
10082,0.6101067779943419
10083,0.0023752815521326243
10084,0.5494721728481508
10085,0.32978696445418487
10086,0.4903003022323905
10087,0.4964929604603897
10088,0.0026359037383262285
10089,0.22099655369652538
10090,0.6335800626475341
10091,0.48875385482613776
10092,0.5251456638545584
10093,0.002899867430204428
10094,0.4948827640063358
10095,0.004695737394761035
10096,0.5694001094419947
10097,0.08857229630190355
10098,0.5625267492629767
10099,0.5512084078292236
10100,0.457495421184262
10101,0.3050878568901778
10102,0.3608504633078007
10103,0.0015707387811265683
10104,0.5422447639661732
10105,0.6082332015656766
10106,0.5411676372039138
10107,0.5444419657720079
10108,0.02033100528004117
10109,0.2659121981198913
10110,0.6959413497185605
10111,0.34074577916543247
10112,0.6138547694484335
10113,0.4458314939572633
10114,0.3923139262608979
10115,0.549457153205577
10116,0.5161144478175481
10117,0.0022947698906268243
10118,0.43471848677492175
10119,0.6249115729876809
10120,0.34751704393419824
10121,0.6251389485927323
10122,0.46873611128131565
10123,0.013398288401872405
10124,0.0398366637120563
10125,0.5948751648320014
10126,0.4903937962463405
10127,0.37975635724859313
10128,0.4641265359115774
10129,0.5537720017371546
10130,0.4992199659819897
10131,0.5962407200127657
10132,0.023379632192814026
10133,0.0013371424743570115
10134,0.4519815500597555
10135,0.20007976720028797
10136,0.36701169751084284
10137,0.001663993053828805
10138,0.6141687977759848
10139,0.45809070461289525
10140,0.6664063798391515
10141,0.4370120772135554
10142,0.5660722570013916
10143,0.0024886275265200153
10144,0.5245405138171328
10145,0.29054194549978196
10146,0.4076578403216031
10147,0.10786126199079327
10148,0.6905545584199966
10149,0.4524961735118255
10150,0.5215758643047834
10151,0.031506210981670724
10152,0.003104388907610778
10153,0.6581539840454018
10154,0.004911300864715362
10155,0.4967065624980255
10156,0.5947529868479391
10157,0.5987795154416231
10158,0.003618988582940963
10159,0.0539820135276573
10160,0.03629561651187674
10161,0.5432972999817289
10162,0.6696028488666752
10163,0.39009190057208076
10164,0.36968340549006695
10165,0.4725850626469449
10166,0.008424175617523622
10167,0.6919939512504968
10168,0.45673012052928674
10169,0.5532827024929587
10170,0.041599770123380675
10171,0.6295398790581868
10172,0.6666373554975109
10173,0.02258734085309444
10174,0.5385779163412083
10175,0.01907140587405709
10176,0.5154984656811907
10177,0.4816167360175301
10178,0.5809557149732998
10179,0.43777352039749584
10180,0.6463424065681574
10181,0.36782714728874677
10182,0.0783953752328066
10183,0.4955648022136325
10184,0.43488499665531377
10185,0.29070533886038785
10186,0.6484835133277029
10187,0.16114151018240142
10188,0.008780038981970995
10189,0.4072155487851823
10190,0.4047151103736394
10191,0.6617390281952529
10192,0.46689063717879875
10193,0.1881151851102172
10194,0.38573627502236474
10195,0.057506778671049696
10196,0.6216534205363451
10197,0.563124935317155
10198,0.003719163033597761
10199,0.5964995947611433
10200,0.3171135283768861
10201,0.6472489596300176
10202,0.003576463405979613
10203,0.33290431420467104
10204,0.0023968083834019493
10205,0.013378641336916575
10206,0.33808612543700756
10207,0.49936149705653055
10208,0.46234501468834055
10209,0.6353317139946182
10210,0.29848582475028296
10211,0.5298592468193042
10212,0.3750277612015236
10213,0.43045755395061003
10214,0.5480254047688
10215,0.5670250992765637
10216,0.0044462376459589725
10217,0.4839295004183992
10218,0.13537703545776636
10219,0.544951339965243
10220,0.6386626092912808
10221,0.5437684078212872
10222,0.5075740020439409
10223,0.5260640197548706
10224,0.6552359972598716
10225,0.003022553756299784
10226,0.4257989154366829
10227,0.45788569049258165
10228,0.2600305971224849
10229,0.5382503652033787
10230,0.4643050377497442
10231,0.6318332814635781
10232,0.5455382192358373
10233,0.09034690981486826
10234,0.5622295269256191
10235,0.3721871911589648
10236,0.3453992350859003
10237,0.008979878649620687
10238,0.5308331443924139
10239,0.5909884421203462
10240,0.5446866815512574
10241,0.5788669892679682
10242,0.6179587894469865
10243,0.09813374853187962
10244,0.6199400860808388
10245,0.6076438511167664
10246,0.008756363715509696
10247,0.06409662103086233
10248,0.5273034226943215
10249,0.6082743011810823
10250,0.4956521833491987
10251,0.6374668833791343
10252,0.4487539009882545
10253,0.5836381186052069
10254,0.6361570326423636
10255,0.011979808407409975
10256,0.5347467079146657
10257,0.38576830646010685
10258,0.5622338282125409
10259,0.564799756867808
10260,0.41763548801528094
10261,0.5983998394715875
10262,0.0032076681306245636
10263,0.1499277447421401
10264,0.06583889627252149
10265,0.5182009548696715
10266,0.6476277832811181
10267,0.5176000974130038
10268,0.45489422441173455
10269,0.6352501498077102
10270,0.35654547662424085
10271,0.5241182766691566
10272,0.45880181839200673
10273,0.5459758165165793
10274,0.5535768802411507
10275,0.4582170162917545
10276,0.34523412618862104
10277,0.3660096803270211
10278,0.454231763990258
10279,0.6140136727524126
10280,0.6000592037459009
10281,0.3276318165151575
10282,0.5190155626788997
10283,0.586954668929947
10284,0.5683230161292805
10285,0.5517235550238248
10286,0.1022044706424029
10287,0.45662664282333054
10288,0.12592264138378995
10289,0.3731610605299127
10290,0.5662977093044247
10291,0.4741522863299016
10292,0.3260897864531408
10293,0.49523102654063234
10294,0.30012814294159673
10295,0.4776762393854247
10296,0.46219141722931556
10297,0.4895900615903739
10298,0.3540433243659771
10299,0.6030834969523517
10300,0.4787610995218369
10301,0.18562513110658074
10302,0.00667889477899819
10303,0.7069154443409049
10304,0.4523582051257812
10305,0.06562263520600142
10306,0.0020156597533387277
10307,0.4504994852433096
10308,0.5295937164611657
10309,0.014769911956753035
10310,0.007927437377006519
10311,0.014535266916573253
10312,0.002522685410099257
10313,0.546265894407911
10314,0.3619541811026863
10315,0.4111799389123102
10316,0.0192404782292388
10317,0.6092459698989938
10318,0.5986056160785003
10319,0.6121083709355759
10320,0.023898858518708765
10321,0.4399963671047743
10322,0.5528492336787112
10323,0.16152259102689848
10324,0.5052165981568433
10325,0.009029037717390942
10326,0.385417156306884
10327,0.0014186006355495495
10328,0.01237441459948363
10329,0.5167479964011996
10330,0.6085587752504914
10331,0.5901513750202123
10332,0.004008661681174197
10333,0.3778431593062942
10334,0.5763219452808055
10335,0.29287603577154087
10336,0.006074783713627352
10337,0.7016664394754719
10338,0.00506899893967816
10339,0.6380841145127796
10340,0.4343340453679805
10341,0.02789347087529581
10342,0.5616647629775195
10343,0.00547755859647725
10344,0.5090422829485923
10345,0.6932395641841358
10346,0.5441992273393179
10347,0.6555515231801006
10348,0.5330436930886784
10349,0.48467621038085185
10350,0.39222324069448056
10351,0.5452271757584394
10352,0.541273523733556
10353,0.40365505901409837
10354,0.03085693839292125
10355,0.0013130744389778792
10356,0.0979723327778641
10357,0.6046480836211313
10358,0.5543228389700816
10359,0.5229009663266383
10360,0.5027077027522653
10361,0.006889693361488924
10362,0.35186487250479537
10363,0.020465324757123926
10364,0.5721852384351356
10365,0.06613910263371847
10366,0.07884820414915283
10367,0.01413558026276196
10368,0.010823923452323303
10369,0.46960619742639653
10370,0.39322905835730004
10371,0.359513058538108
10372,0.3501553557876458
10373,0.07540741413053631
10374,0.39951378083645683
10375,0.37180508433750015
10376,0.06584723650122015
10377,0.01381022862177761
10378,0.6519595458712122
10379,0.44144468002473347
10380,0.3362220700568578
10381,0.535926588052077
10382,0.5172977947414013
10383,0.6882953257193627
10384,0.10109317761222847
10385,0.5381181448057413
10386,0.5664491880733764
10387,0.5705633597068416
10388,0.7511439615717087
10389,0.710080610269795
10390,0.5322681133451965
10391,0.011847743335794192
10392,0.4697189052753866
10393,0.49421559734208
10394,0.5347602583681524
10395,0.2636996924553563
10396,0.6439912627637483
10397,0.404407804968027
10398,0.47158045740518195
10399,0.18664296149925064
10400,0.4244201775319014
10401,0.4588035231816936
10402,0.07703627951531478
10403,0.4956245044426807
10404,0.36394393652545853
10405,0.32330946264086335
10406,0.00254777134455364
10407,0.5543188732658857
10408,0.12898537668068888
10409,0.557492085295978
10410,0.08428338490671561
10411,0.39938162072179006
10412,0.487988796030161
10413,0.32625180080186844
10414,0.4049021858847899
10415,0.531251313618482
10416,0.6337569034631165
10417,0.3512758109594073
10418,0.6218507992239294
10419,0.4897525588785312
10420,0.5197666354290846
10421,0.5747855874484417
10422,0.4823995206361331
10423,0.5459564863718828
10424,0.0018119572234559511
10425,0.14486324698518493
10426,0.5553739455946873
10427,0.4710507626238096
10428,0.4357103678694232
10429,0.5175364655231656
10430,0.002807737535867272
10431,0.4845700379887594
10432,0.545049049132054
10433,0.5425475410125937
10434,0.008624730544931514
10435,0.6057671313223363
10436,0.005550356706697013
10437,0.4823434564547905
10438,0.591610987760216
10439,0.5322935909317632
10440,0.6700447126046183
10441,0.026844155613387377
10442,0.49147667078287005
10443,0.4617555802850003
10444,0.5839710721966117
10445,0.5635960541529175
10446,0.38675205429108084
10447,0.5637500477736959
10448,0.4611271956676184
10449,0.009940246293582922
10450,0.34228864960710415
10451,0.2121284715602766
10452,0.48921976764322084
10453,0.3050430054082476
10454,0.39852480119944256
10455,0.6996772421687412
10456,0.5624048095639167
10457,0.12132385854750616
10458,0.5694327183122341
10459,0.5521710933180182
10460,0.6832518949632737
10461,0.5173581110153584
10462,0.4586922063072131
10463,0.43572634770296337
10464,0.5857160492683032
10465,0.38009189046923797
10466,0.5511541124256275
10467,0.5002797754798719
10468,0.48037024990463173
10469,0.5834808980875292
10470,0.7251750750316013
10471,0.5591552276382823
10472,0.5797518893044232
10473,0.5112770805247363
10474,0.6618761225313112
10475,0.5328513990571957
10476,0.5373433727060755
10477,0.6106978990318164
10478,0.4872374558703202
10479,0.14429882112209913
10480,0.6797255334111809
10481,0.3826982252212626
10482,0.364192214159894
10483,0.4288767217135746
10484,0.5442676803301747
10485,0.03347223984849379
10486,0.2948901403990051
10487,0.43696780425523385
10488,0.0784233675828312
10489,0.5114881637281221
10490,0.6368992549570316
10491,0.4664620102518503
10492,0.5143441400314932
10493,0.5178542403352572
10494,0.3645444846298732
10495,0.5633597220082375
10496,0.003831381430044578
10497,0.4414427741672927
10498,0.06813486325445639
10499,0.11709342937403477
10500,0.7093629907300742
10501,0.008671430671285618
10502,0.5171840164981223
10503,0.4493715509249986
10504,0.5137520191042866
10505,0.5405296971982039
10506,0.34879915534571126
10507,0.624592769632837
10508,0.5694316215543949
10509,0.5567381988434382
10510,0.37305219067582995
10511,0.6434368886010218
10512,0.5768356246563104
10513,0.46774999006287743
10514,0.43522564105579353
10515,0.4203968972922647
10516,0.4234634871207743
10517,0.4261179930677439
10518,0.5333303170114858
10519,0.0069645383027583385
10520,0.3553096006541048
10521,0.4897884431237681
10522,0.4917774324707913
10523,0.5503431568688988
10524,0.6243716165038876
10525,0.5821891366349379
10526,0.12544563681597487
10527,0.5475433133833435
10528,0.5601380241643724
10529,0.15517332802431616
10530,0.5493595270091887
10531,0.7172350065987667
10532,0.6143269830273795
10533,0.0014884531173762205
10534,0.4942336136905823
10535,0.3225689837548332
10536,0.568018392340193
10537,0.6399737379200052
10538,0.013906918250001787
10539,0.5303311627694389
10540,0.5475137840124433
10541,0.3630868696995042
10542,0.5784246555053555
10543,0.5942784448694061
10544,0.4912795969092082
10545,0.005832448579791039
10546,0.6104589650326746
10547,0.4556156132164224
10548,0.035584722322265505
10549,0.6134322098785505
10550,0.6847005111310362
10551,0.5036220934731893
10552,0.5255251477434244
10553,0.5437198979744837
10554,0.6256913311904504
10555,0.041429014959530774
10556,0.5226305953777592
10557,0.621744060225679
10558,0.3568822375930092
10559,0.04185511354863947
10560,0.3946972694713937
10561,0.534179248454826
10562,0.1564896629008249
10563,0.38523551300414083
10564,0.4675832266796569
10565,0.7218565146319837
10566,0.461453268737964
10567,0.3869551053652919
10568,0.5271995769630802
10569,0.6498427628273127
10570,0.3920849250641626
10571,0.12954169397887816
10572,0.4226556236543103
10573,0.162046544225109
10574,0.44820223369676016
10575,0.5373359651018116
10576,0.002599249158809158
10577,0.041700457253247
10578,0.3638840673130408
10579,0.5394786831056262
10580,0.33386127473552396
10581,0.49961052614567747
10582,0.0025244920782828695
10583,0.5528004986667228
10584,0.555306338787202
10585,0.48075415077304195
10586,0.6094899124347228
10587,0.6310829331881653
10588,0.5098006988638049
10589,0.00400658243816554
10590,0.3147316767820637
10591,0.0028730784931104703
10592,0.0014149376309484651
10593,0.3818051522117719
10594,0.48638641901878443
10595,0.5528732185868402
10596,0.5879875200202432
10597,0.6782887181773507
10598,0.6106594864651129
10599,0.5101160871564591
10600,0.6422520478700902
10601,0.5229211415316342
10602,0.4841287775502967
10603,0.5490961660097082
10604,0.5562317792262583
10605,0.5732760949202318
10606,0.36042664732747154
10607,0.33051275213766573
10608,0.0019171272960866181
10609,0.27203783023399275
10610,0.3591591153343423
10611,0.6729993964303447
10612,0.001948091040313904
10613,0.47427878608579344
10614,0.44766495007008344
10615,0.029923362679086907
10616,0.6881093381237975
10617,0.24086569945197633
10618,0.5882225020535907
10619,0.0023464160725512606
10620,0.6196843074609806
10621,0.056165593018739135
10622,0.4725167592991564
10623,0.6170747832474808
10624,0.44994540854010756
10625,0.6977250720348056
10626,0.4055451331812331
10627,0.4266040417953857
10628,0.4247357431467861
10629,0.10680378383005928
10630,0.5897717745333957
10631,0.7444733741449439
10632,0.4794253927017794
10633,0.4580093242295076
10634,0.5256759890289981
10635,0.42413489832689255
10636,0.5632558303019111
10637,0.5389087694630021
10638,0.3629254183411542
10639,0.27870808319125484
10640,0.4904309247509252
10641,0.5058707643862909
10642,0.4917078499378361
10643,0.3828648658767344
10644,0.00577185476843578
10645,0.5094933458687689
10646,0.4077142928911818
10647,0.48079813458487286
10648,0.30737768033562374
10649,0.06246290965921175
10650,0.5076372463502565
10651,0.3235943458435798
10652,0.5928694464970448
10653,0.6105041191785956
10654,0.6379622585334148
10655,0.561840425060053
10656,0.022901165693129832
10657,0.00393175909444643
10658,0.5103229850000803
10659,0.43778260774508304
10660,0.47230146986420507
10661,0.44705487830041823
10662,0.5617488444818427
10663,0.013921912858383623
10664,0.600276331759426
10665,0.526867739158456
10666,0.6642907936718986
10667,0.6354067506672509
10668,0.5596492341727403
10669,0.4037259730989389
10670,0.5177632713180635
10671,0.5757786432975254
10672,0.5366284988176637
10673,0.459607269567861
10674,0.08733678183497717
10675,0.4376584947581683
10676,0.4976034265706478
10677,0.6794231030057336
10678,0.5275577096522102
10679,0.4244077282639541
10680,0.4708917914482198
10681,0.2115205470945306
10682,0.5908140084740958
10683,0.5059308654714778
10684,0.5363236478381139
10685,0.4311692189711587
10686,0.5391667957666335
10687,0.007953668899246535
10688,0.4378686629254559
10689,0.6568022249453904
10690,0.05179719652736303
10691,0.40071545370291506
10692,0.45346003584602934
10693,0.6068264874938678
10694,0.41007572432373507
10695,0.5183909935824389
10696,0.015634276884172182
10697,0.5783047447748627
10698,0.28736424189978127
10699,0.0018665273445835906
10700,0.39492453572865027
10701,0.3232032459799722
10702,0.3283181192711586
10703,0.0034184124490443946
10704,0.6772019456749555
10705,0.38026758612704803
10706,0.43860745579533755
10707,0.057027143466728214
10708,0.6218975979775955
10709,0.3573226554561525
10710,0.41397213475007155
10711,0.605758953299821
10712,0.24517907311482423
10713,0.5439455531690043
10714,0.5376287820650143
10715,0.5642097994927313
10716,0.5868366708972668
10717,0.48656738179027403
10718,0.008612146069320925
10719,0.46131765921206014
10720,0.5446036829197192
10721,0.46046145409462447
10722,0.47865516822017684
10723,0.42077175259437727
10724,0.01995689054338745
10725,0.43636263250938756
10726,0.09224563412727849
10727,0.1568329885154417
10728,0.559166540181251
10729,0.2667681041374508
10730,0.011335320318699993
10731,0.5046173382429415
10732,0.5331903906759682
10733,0.5463060003291149
10734,0.36298388105997215
10735,0.405802713395914
10736,0.5637935300442081
10737,0.22937826243538162
10738,0.5524253622132533
10739,0.5538790124059789
10740,0.4149851497973718
10741,0.42937926711877095
10742,0.30745076493379875
10743,0.002651601413083182
10744,0.43960980261142557
10745,0.49715360575459755
10746,0.38692661570347975
10747,0.3669295801599597
10748,0.5472057660743239
10749,0.5506632797992235
10750,0.45043417236551775
10751,0.33827732620606543
10752,0.1262548502090396
10753,0.0064343424479192945
10754,0.457048684273178
10755,0.4500085714212192
10756,0.43913553647650294
10757,0.009940031098472302
10758,0.35258517017015356
10759,0.35724007509089584
10760,0.13985234426762516
10761,0.4348697910794558
10762,0.5248519800945741
10763,0.26986036051877105
10764,0.261638941526939
10765,0.5973981834614575
10766,0.0019297396460059568
10767,0.49397817604198246
10768,0.48877584970290366
10769,0.45516513974170536
10770,0.53804124215916
10771,0.028664950602824257
10772,0.7272437685568618
10773,0.6111324118767902
10774,0.027946054279577193
10775,0.10530539655462978
10776,0.6582828244609047
10777,0.02354382445722214
10778,0.22693898216300545
10779,0.44725893069043177
10780,0.4945801445752098
10781,0.15641224325218062
10782,0.5139006730549298
10783,0.001705158444902044
10784,0.03187920283149692
10785,0.11230176331604635
10786,0.6065824402949112
10787,0.5997293488104816
10788,0.6451265439579874
10789,0.5123948953362634
10790,0.5342861371649026
10791,0.5184371415704918
10792,0.6486421285460896
10793,0.5250065231988583
10794,0.4163221416696503
10795,0.5532476639411081
10796,0.5361331512205783
10797,0.7098630792514329
10798,0.5053930780027241
10799,0.4600289805143254
10800,0.0015603961593614324
10801,0.4805198123737756
10802,0.495363639759956
10803,0.6957312235976634
10804,0.5084254025545243
10805,0.6331850879376069
10806,0.5314081339514496
10807,0.6900763292719442
10808,0.022065982415862884
10809,0.24007895326055173
10810,0.6437219635585165
10811,0.4362746032086423
10812,0.5137596502361181
10813,0.5960857618724726
10814,0.6084184957190109
10815,0.023881930863575818
10816,0.5811994791204587
10817,0.038674752965157655
10818,0.003858871793401497
10819,0.5565060823123851
10820,0.34339367671477716
10821,0.6410991773722969
10822,0.4361997214198441
10823,0.6467170366112924
10824,0.3325170176597665
10825,0.5412777350879121
10826,0.5705687474155974
10827,0.48427454218213284
10828,0.5051161325025968
10829,0.5503642665643294
10830,0.18246290343397864
10831,0.6369785862212275
10832,0.3597938596853463
10833,0.43180757898093136
10834,0.5720127690916061
10835,0.5164613623357821
10836,0.6691416544309909
10837,0.6302016901894351
10838,0.5765257910840148
10839,0.39878015590782023
10840,0.6404942263969854
10841,0.36255415667305113
10842,0.45908284762808615
10843,0.004000203446766992
10844,0.005286710318669008
10845,0.451798455103969
10846,0.3386327258517413
10847,0.5860426654348166
10848,0.6200926553021793
10849,0.020667970197371432
10850,0.003141051737100775
10851,0.6134053525786696
10852,0.4877565096584736
10853,0.3826613342149915
10854,0.5916421314926454
10855,0.49411893804050444
10856,0.6447450562290145
10857,0.6543081992376123
10858,0.5338702177209762
10859,0.545911014482612
10860,0.0030807268129688925
10861,0.34510164898027884
10862,0.5232772920832719
10863,0.6189522253069949
10864,0.00833958031077442
10865,0.4794137908818391
10866,0.720486787164855
10867,0.023685265041780923
10868,0.6693264488019699
10869,0.5687566454009685
10870,0.6669450784589042
10871,0.5687492835078313
10872,0.0705331000481112
10873,0.712010547222176
10874,0.404507729643109
10875,0.541381304815761
10876,0.07458350427131122
10877,0.664323938078897
10878,0.45624386879408363
10879,0.005531118334876406
10880,0.6472984550681024
10881,0.5427704181563473
10882,0.6658117245566784
10883,0.6635751618089114
10884,0.5135047350039599
10885,0.6096881653596187
10886,0.19984725394529534
10887,0.3866829207375859
10888,0.13077569130534783
10889,0.6295655943625069
10890,0.47069553940962794
10891,0.273739321412081
10892,0.4953318462195553
10893,0.0010592740015029634
10894,0.42083811647595615
10895,0.6836661189860156
10896,0.5977644191029976
10897,0.33977861662084186
10898,0.5178527805791766
10899,0.0638326232265718
10900,0.4184264550949256
10901,0.6564739296199553
10902,0.5705955961676694
10903,0.5540368640952151
10904,0.6043113626086404
10905,0.46766364595851573
10906,0.6174520718219143
10907,0.4829117998634813
10908,0.5325822867531245
10909,0.5584550207813976
10910,0.30784330651538905
10911,0.6647782409839466
10912,0.5777588595158885
10913,0.4509620570604598
10914,0.5295391718703129
10915,0.46416230133873004
10916,0.505951422773806
10917,0.6218622954540647
10918,0.04376260021295231
10919,0.33673359192083163
10920,0.43457507533118467
10921,0.5846065236506182
10922,0.502134585207731
10923,0.004889263614809236
10924,0.5813243716865595
10925,0.5101960275109241
10926,0.01770865034896907
10927,0.04909759153439597
10928,0.3983762585483108
10929,0.021787601821798952
10930,0.0021661188125415842
10931,0.6396189760662094
10932,0.37745014695697665
10933,0.6553276748278931
10934,0.4998223848262092
10935,0.337326945705551
10936,0.4740514196764595
10937,0.16365328805308954
10938,0.3983637495722486
10939,0.5480670500375552
10940,0.44156527236935617
10941,0.5377606518027416
10942,0.3613453360493125
10943,0.5732652301646426
10944,0.36728443515915066
10945,0.007443958070668555
10946,0.5087448791378586
10947,0.38391232161482525
10948,0.519785752519299
10949,0.4742537502265446
10950,0.30577836056055174
10951,0.0016381937858402917
10952,0.4799999867456941
10953,0.3822268920505112
10954,0.6396888265148799
10955,0.5544065322396099
10956,0.4162971092315819
10957,0.008457481934683098
10958,0.44039650603919944
10959,0.19159856830543132
10960,0.630356425956887
10961,0.5797045819742639
10962,0.6584495528388561
10963,0.014747945485773184
10964,0.44020846539095515
10965,0.18420093348527045
10966,0.35458567922394646
10967,0.5345760447622954
10968,0.5091245840878935
10969,0.6124333727978366
10970,0.2633180258724729
10971,0.5683869387842224
10972,0.5387734673289888
10973,0.5172844061168599
10974,0.661141092974261
10975,0.5176983012546373
10976,0.012254091018877089
10977,0.5320656924372622
10978,0.4274081802709536
10979,0.5076743463226636
10980,0.012038395072575314
10981,0.1783434388034627
10982,0.24647592028178456
10983,0.41714225473720834
10984,0.4624284129180958
10985,0.026933098087418395
10986,0.6879940491269116
10987,0.367793066418899
10988,0.5905312763330345
10989,0.6596761568664292
10990,0.5737622309297215
10991,0.22038876768451654
10992,0.4546308909394645
10993,0.5926126940740878
10994,0.14722743109184233
10995,0.3432526386974719
10996,0.5236702681288569
10997,0.4094802558647971
10998,0.3787497287639773
10999,0.5559310221464955
